ORDER_ID,CUSTOMER_ID,CUSTOMER_NAME,PRODUCT,QUANTITY,ORDER_DATE,STATUS,AMOUNT,TRACKING_NUMBER
ORD00001,CUST1099,Customer 1,Mechanical Keyboard K100,3,2025-12-22,PENDING,480.65,TRK464243
ORD00002,CUST1164,Customer 2,Monitor 27inch 4K,4,2025-09-29,SHIPPED,862.78,TRK934196
ORD00003,CUST1188,Customer 3,Noise Cancelling Headphones,1,2025-11-12,DELIVERED,985.13,TRK923317
ORD00004,CUST1094,Customer 4,Graphics Tablet,3,2026-02-17,CANCELLED,630.66,TRK418547
ORD00005,CUST1178,Customer 5,Wireless Mouse M200,4,2025-11-30,DELIVERED,1697.95,TRK682191
ORD00006,CUST1182,Customer 6,External SSD 1TB,3,2026-02-22,PROCESSING,1663.15,TRK782032
ORD00007,CUST1082,Customer 7,Laptop Pro X1,4,2026-03-27,SHIPPED,1866.02,TRK954454
ORD00008,CUST1178,Customer 8,USB-C Hub 7-Port,5,2026-03-25,DELIVERED,1901.64,TRK983845
ORD00009,CUST1162,Customer 9,External SSD 1TB,1,2025-12-03,CANCELLED,697.85,TRK593384
ORD00010,CUST1154,Customer 10,Noise Cancelling Headphones,1,2025-10-29,CANCELLED,1815.26,TRK220957
ORD00011,CUST1111,Customer 11,External SSD 1TB,4,2025-11-05,SHIPPED,530.82,TRK881699
ORD00012,CUST1149,Customer 12,USB-C Hub 7-Port,3,2025-11-11,DELIVERED,965.69,TRK563272
ORD00013,CUST1101,Customer 13,Smart Speaker,3,2025-10-18,CANCELLED,102.16,TRK556698
ORD00014,CUST1162,Customer 14,Graphics Tablet,2,2025-12-14,DELIVERED,1200.25,TRK993922
ORD00015,CUST1001,Customer 15,External SSD 1TB,5,2025-10-21,PROCESSING,1277.54,TRK827998
ORD00016,CUST1183,Customer 16,Noise Cancelling Headphones,1,2025-10-10,DELIVERED,317.49,TRK617066
ORD00017,CUST1113,Customer 17,Webcam HD Pro 1080p,5,2026-03-22,PROCESSING,322.57,TRK569040
ORD00018,CUST1194,Customer 18,Graphics Tablet,1,2025-10-22,DELIVERED,1415.4,TRK381353
ORD00019,CUST1184,Customer 19,Webcam HD Pro 1080p,5,2025-12-30,PENDING,1943.42,TRK406140
ORD00020,CUST1054,Customer 20,Graphics Tablet,2,2025-12-21,CANCELLED,825.53,TRK964601
ORD00021,CUST1186,Customer 21,External SSD 1TB,3,2025-10-16,DELIVERED,144.32,TRK388213
ORD00022,CUST1160,Customer 22,Smart Speaker,4,2025-11-09,DELIVERED,576.97,TRK469224
ORD00023,CUST1134,Customer 23,External SSD 1TB,5,2025-11-12,PROCESSING,1287.47,TRK222756
ORD00024,CUST1019,Customer 24,Webcam HD Pro 1080p,4,2025-10-06,CANCELLED,1062.97,TRK305541
ORD00025,CUST1106,Customer 25,Wireless Mouse M200,4,2025-11-19,DELIVERED,377.43,TRK613582
ORD00026,CUST1009,Customer 26,Smart Speaker,2,2025-11-20,PROCESSING,213.74,TRK252631
ORD00027,CUST1185,Customer 27,Wireless Mouse M200,1,2025-11-14,PENDING,899.45,TRK316824
ORD00028,CUST1083,Customer 28,Mechanical Keyboard K100,2,2025-11-07,SHIPPED,541.2,TRK882485
ORD00029,CUST1000,Customer 29,USB-C Hub 7-Port,4,2026-03-19,PENDING,1291.17,TRK911475
ORD00030,CUST1196,Customer 30,Noise Cancelling Headphones,1,2025-11-10,SHIPPED,1192.5,TRK912840
ORD00031,CUST1144,Customer 31,Smart Speaker,4,2026-03-08,PROCESSING,576.66,TRK498289
ORD00032,CUST1169,Customer 32,Monitor 27inch 4K,5,2026-03-27,PROCESSING,954.25,TRK804351
ORD00033,CUST1049,Customer 33,Wireless Mouse M200,1,2025-12-14,PROCESSING,110.88,TRK947293
ORD00034,CUST1006,Customer 34,Mechanical Keyboard K100,1,2025-12-01,DELIVERED,1177.98,TRK957681
ORD00035,CUST1198,Customer 35,Smart Speaker,1,2025-11-18,CANCELLED,222.3,TRK652198
ORD00036,CUST1173,Customer 36,External SSD 1TB,4,2025-12-11,PROCESSING,1769.5,TRK185741
ORD00037,CUST1044,Customer 37,Smart Speaker,4,2026-02-06,DELIVERED,445.02,TRK127846
ORD00038,CUST1192,Customer 38,USB-C Hub 7-Port,1,2025-12-27,CANCELLED,194.15,TRK967992
ORD00039,CUST1028,Customer 39,Noise Cancelling Headphones,2,2025-10-28,PROCESSING,746.34,TRK202763
ORD00040,CUST1017,Customer 40,Webcam HD Pro 1080p,2,2025-12-22,DELIVERED,1221.68,TRK582153
ORD00041,CUST1048,Customer 41,Smart Speaker,4,2025-12-18,PROCESSING,778.61,TRK406408
ORD00042,CUST1021,Customer 42,External SSD 1TB,1,2026-02-24,DELIVERED,497.1,TRK137455
ORD00043,CUST1136,Customer 43,Mechanical Keyboard K100,4,2025-12-01,SHIPPED,1436.26,TRK204752
ORD00044,CUST1170,Customer 44,Graphics Tablet,1,2026-02-18,PROCESSING,952.34,TRK882536
ORD00045,CUST1030,Customer 45,Smart Speaker,5,2025-11-07,CANCELLED,1531.32,TRK768430
ORD00046,CUST1080,Customer 46,Noise Cancelling Headphones,1,2025-12-23,PENDING,1429.26,TRK481925
ORD00047,CUST1082,Customer 47,External SSD 1TB,5,2026-02-20,SHIPPED,1988.36,TRK742222
ORD00048,CUST1063,Customer 48,Noise Cancelling Headphones,2,2026-01-27,CANCELLED,1437.9,TRK124497
ORD00049,CUST1185,Customer 49,Wireless Mouse M200,5,2025-10-31,SHIPPED,767.93,TRK191531
ORD00050,CUST1117,Customer 50,Noise Cancelling Headphones,2,2026-01-22,PENDING,1965.08,TRK911536
ORD00051,CUST1149,Customer 51,Laptop Pro X1,3,2025-10-28,PENDING,1788.21,TRK107557
ORD00052,CUST1016,Customer 52,Wireless Mouse M200,4,2026-03-24,PENDING,1783.56,TRK994346
ORD00053,CUST1030,Customer 53,Graphics Tablet,2,2025-10-19,SHIPPED,1062.46,TRK796810
ORD00054,CUST1015,Customer 54,Webcam HD Pro 1080p,4,2026-01-10,CANCELLED,1569.99,TRK825972
ORD00055,CUST1171,Customer 55,Webcam HD Pro 1080p,2,2026-03-08,SHIPPED,1168.11,TRK790560
ORD00056,CUST1174,Customer 56,Smart Speaker,4,2026-02-14,SHIPPED,1116.18,TRK451738
ORD00057,CUST1107,Customer 57,Webcam HD Pro 1080p,5,2026-03-07,DELIVERED,729.59,TRK649673
ORD00058,CUST1029,Customer 58,External SSD 1TB,3,2025-11-13,SHIPPED,106.54,TRK235531
ORD00059,CUST1052,Customer 59,Noise Cancelling Headphones,2,2026-02-15,PROCESSING,1589.56,TRK238930
ORD00060,CUST1012,Customer 60,Smart Speaker,1,2025-12-06,PROCESSING,1881.42,TRK846309
ORD00061,CUST1103,Customer 61,Noise Cancelling Headphones,2,2026-01-04,DELIVERED,793.91,TRK338899
ORD00062,CUST1029,Customer 62,Mechanical Keyboard K100,2,2026-03-27,SHIPPED,65.82,TRK222083
ORD00063,CUST1088,Customer 63,Smart Speaker,2,2025-12-16,PENDING,943.25,TRK223862
ORD00064,CUST1187,Customer 64,Laptop Pro X1,4,2025-12-17,PENDING,1721.4,TRK889450
ORD00065,CUST1126,Customer 65,Monitor 27inch 4K,3,2025-12-31,PENDING,75.98,TRK676663
ORD00066,CUST1018,Customer 66,Graphics Tablet,4,2026-01-08,PENDING,1272.36,TRK942020
ORD00067,CUST1084,Customer 67,Laptop Pro X1,5,2025-10-31,PENDING,1463.96,TRK509438
ORD00068,CUST1147,Customer 68,Mechanical Keyboard K100,1,2026-03-11,DELIVERED,1235.28,TRK162539
ORD00069,CUST1073,Customer 69,Smart Speaker,1,2025-11-18,SHIPPED,1967.41,TRK542229
ORD00070,CUST1020,Customer 70,USB-C Hub 7-Port,4,2026-01-05,PENDING,751.51,TRK994658
ORD00071,CUST1055,Customer 71,Wireless Mouse M200,4,2025-10-04,SHIPPED,703.91,TRK916853
ORD00072,CUST1156,Customer 72,Smart Speaker,4,2026-03-13,PROCESSING,150.94,TRK111734
ORD00073,CUST1075,Customer 73,Noise Cancelling Headphones,3,2026-02-17,PROCESSING,652.68,TRK128183
ORD00074,CUST1089,Customer 74,USB-C Hub 7-Port,4,2025-10-24,DELIVERED,816.78,TRK694552
ORD00075,CUST1150,Customer 75,Smart Speaker,3,2026-01-31,CANCELLED,1542.88,TRK271713
ORD00076,CUST1182,Customer 76,Smart Speaker,1,2025-10-29,PENDING,1956.42,TRK265442
ORD00077,CUST1033,Customer 77,Webcam HD Pro 1080p,1,2025-11-08,PROCESSING,701.29,TRK290708
ORD00078,CUST1048,Customer 78,Noise Cancelling Headphones,4,2026-02-23,DELIVERED,1150.69,TRK687794
ORD00079,CUST1006,Customer 79,Wireless Mouse M200,4,2025-12-25,PENDING,744.5,TRK277178
ORD00080,CUST1142,Customer 80,Graphics Tablet,5,2025-12-05,PROCESSING,1314.85,TRK610664
ORD00081,CUST1137,Customer 81,Noise Cancelling Headphones,2,2026-02-03,PENDING,1311.86,TRK325848
ORD00082,CUST1160,Customer 82,Graphics Tablet,1,2026-02-02,DELIVERED,608.8,TRK874016
ORD00083,CUST1122,Customer 83,Webcam HD Pro 1080p,5,2025-11-19,PENDING,853.3,TRK201779
ORD00084,CUST1109,Customer 84,External SSD 1TB,5,2025-11-18,PENDING,1456.12,TRK156741
ORD00085,CUST1176,Customer 85,External SSD 1TB,2,2026-03-15,CANCELLED,1664.99,TRK703067
ORD00086,CUST1082,Customer 86,Laptop Pro X1,2,2025-10-18,DELIVERED,456.31,TRK729008
ORD00087,CUST1152,Customer 87,Graphics Tablet,5,2025-12-23,SHIPPED,1908.17,TRK714134
ORD00088,CUST1024,Customer 88,Laptop Pro X1,5,2026-03-24,CANCELLED,300.1,TRK756905
ORD00089,CUST1178,Customer 89,Graphics Tablet,5,2025-12-11,PENDING,1674.81,TRK140510
ORD00090,CUST1105,Customer 90,Noise Cancelling Headphones,5,2025-11-24,SHIPPED,1273.88,TRK476794
ORD00091,CUST1002,Customer 91,External SSD 1TB,2,2025-10-22,SHIPPED,1367.94,TRK627734
ORD00092,CUST1007,Customer 92,Laptop Pro X1,1,2026-02-09,CANCELLED,940.49,TRK321439
ORD00093,CUST1038,Customer 93,Monitor 27inch 4K,4,2025-12-18,CANCELLED,248.21,TRK982599
ORD00094,CUST1183,Customer 94,Graphics Tablet,4,2026-02-09,PROCESSING,1076.08,TRK978831
ORD00095,CUST1101,Customer 95,External SSD 1TB,1,2026-02-27,PROCESSING,224.12,TRK389032
ORD00096,CUST1175,Customer 96,Graphics Tablet,2,2026-02-21,CANCELLED,749.0,TRK992736
ORD00097,CUST1183,Customer 97,Laptop Pro X1,4,2025-10-29,DELIVERED,1991.17,TRK896545
ORD00098,CUST1167,Customer 98,Mechanical Keyboard K100,3,2025-09-29,DELIVERED,148.81,TRK335811
ORD00099,CUST1041,Customer 99,Noise Cancelling Headphones,4,2026-02-21,SHIPPED,266.53,TRK741810
ORD00100,CUST1011,Customer 100,Laptop Pro X1,1,2025-11-14,CANCELLED,1454.74,TRK501551
ORD00101,CUST1039,Customer 101,Mechanical Keyboard K100,2,2025-12-04,PROCESSING,1903.52,TRK412132
ORD00102,CUST1015,Customer 102,Mechanical Keyboard K100,5,2025-12-06,CANCELLED,473.89,TRK601351
ORD00103,CUST1057,Customer 103,External SSD 1TB,2,2026-03-18,SHIPPED,317.59,TRK331640
ORD00104,CUST1074,Customer 104,Mechanical Keyboard K100,4,2025-10-04,PROCESSING,191.2,TRK174186
ORD00105,CUST1121,Customer 105,Wireless Mouse M200,4,2025-12-15,SHIPPED,1739.83,TRK188000
ORD00106,CUST1022,Customer 106,External SSD 1TB,4,2026-03-07,DELIVERED,477.39,TRK722139
ORD00107,CUST1175,Customer 107,Smart Speaker,2,2025-11-02,PENDING,1547.34,TRK912645
ORD00108,CUST1088,Customer 108,Graphics Tablet,1,2025-12-31,SHIPPED,226.21,TRK933804
ORD00109,CUST1193,Customer 109,Wireless Mouse M200,3,2026-01-23,SHIPPED,171.23,TRK709205
ORD00110,CUST1139,Customer 110,Monitor 27inch 4K,2,2025-12-27,DELIVERED,643.62,TRK437634
ORD00111,CUST1111,Customer 111,Smart Speaker,2,2025-10-06,PENDING,1029.26,TRK376985
ORD00112,CUST1006,Customer 112,Webcam HD Pro 1080p,2,2026-03-25,SHIPPED,690.44,TRK754029
ORD00113,CUST1141,Customer 113,Smart Speaker,2,2025-10-23,CANCELLED,1909.88,TRK242071
ORD00114,CUST1072,Customer 114,Wireless Mouse M200,5,2026-01-20,CANCELLED,1461.0,TRK567201
ORD00115,CUST1194,Customer 115,Smart Speaker,1,2025-11-21,PENDING,1766.99,TRK320636
ORD00116,CUST1176,Customer 116,Monitor 27inch 4K,5,2026-02-24,PENDING,998.01,TRK663360
ORD00117,CUST1104,Customer 117,Mechanical Keyboard K100,3,2026-03-15,SHIPPED,390.66,TRK907598
ORD00118,CUST1086,Customer 118,USB-C Hub 7-Port,5,2026-01-10,SHIPPED,1205.55,TRK633521
ORD00119,CUST1089,Customer 119,Wireless Mouse M200,4,2026-01-01,SHIPPED,340.7,TRK538233
ORD00120,CUST1164,Customer 120,Webcam HD Pro 1080p,1,2026-02-19,SHIPPED,220.18,TRK923748
ORD00121,CUST1067,Customer 121,Smart Speaker,2,2026-01-24,PENDING,549.17,TRK746553
ORD00122,CUST1150,Customer 122,Mechanical Keyboard K100,3,2025-11-05,CANCELLED,196.74,TRK808694
ORD00123,CUST1076,Customer 123,USB-C Hub 7-Port,4,2026-01-17,PENDING,58.43,TRK911652
ORD00124,CUST1080,Customer 124,Laptop Pro X1,2,2025-11-08,DELIVERED,1246.78,TRK151214
ORD00125,CUST1019,Customer 125,Wireless Mouse M200,5,2025-10-27,DELIVERED,1841.5,TRK643164
ORD00126,CUST1129,Customer 126,Smart Speaker,2,2025-11-08,CANCELLED,1076.43,TRK135499
ORD00127,CUST1032,Customer 127,Webcam HD Pro 1080p,4,2026-03-18,PENDING,1997.01,TRK779409
ORD00128,CUST1001,Customer 128,Monitor 27inch 4K,3,2026-02-09,PROCESSING,1012.57,TRK414253
ORD00129,CUST1011,Customer 129,Mechanical Keyboard K100,5,2026-01-06,PROCESSING,173.98,TRK853875
ORD00130,CUST1112,Customer 130,Webcam HD Pro 1080p,3,2025-11-10,CANCELLED,1608.75,TRK603613
ORD00131,CUST1154,Customer 131,Noise Cancelling Headphones,3,2025-12-30,PENDING,1864.67,TRK770763
ORD00132,CUST1050,Customer 132,Smart Speaker,2,2026-02-02,PENDING,1253.79,TRK230559
ORD00133,CUST1130,Customer 133,Smart Speaker,2,2026-02-26,CANCELLED,71.54,TRK981274
ORD00134,CUST1156,Customer 134,Wireless Mouse M200,5,2025-10-11,PENDING,1349.01,TRK254806
ORD00135,CUST1066,Customer 135,Graphics Tablet,3,2026-03-06,PENDING,1945.21,TRK656394
ORD00136,CUST1090,Customer 136,Laptop Pro X1,1,2026-03-17,DELIVERED,1299.03,TRK122829
ORD00137,CUST1001,Customer 137,Wireless Mouse M200,3,2025-10-11,CANCELLED,1644.01,TRK908516
ORD00138,CUST1102,Customer 138,USB-C Hub 7-Port,1,2026-02-03,PROCESSING,590.05,TRK762460
ORD00139,CUST1084,Customer 139,Wireless Mouse M200,3,2025-10-05,CANCELLED,495.15,TRK420219
ORD00140,CUST1159,Customer 140,Graphics Tablet,1,2026-03-02,CANCELLED,657.69,TRK724517
ORD00141,CUST1007,Customer 141,Webcam HD Pro 1080p,1,2026-01-28,PROCESSING,382.89,TRK407047
ORD00142,CUST1026,Customer 142,Graphics Tablet,4,2025-10-19,PENDING,1047.84,TRK510973
ORD00143,CUST1140,Customer 143,Mechanical Keyboard K100,3,2025-10-14,DELIVERED,1603.72,TRK823216
ORD00144,CUST1048,Customer 144,Noise Cancelling Headphones,1,2025-10-20,CANCELLED,1184.23,TRK452392
ORD00145,CUST1155,Customer 145,Monitor 27inch 4K,2,2026-01-06,PENDING,558.69,TRK939427
ORD00146,CUST1120,Customer 146,Noise Cancelling Headphones,4,2025-12-18,SHIPPED,1034.12,TRK516227
ORD00147,CUST1076,Customer 147,Noise Cancelling Headphones,5,2025-12-22,PROCESSING,1002.52,TRK737564
ORD00148,CUST1084,Customer 148,Webcam HD Pro 1080p,2,2025-12-01,DELIVERED,675.96,TRK990816
ORD00149,CUST1024,Customer 149,Mechanical Keyboard K100,5,2025-12-14,DELIVERED,221.75,TRK681711
ORD00150,CUST1117,Customer 150,Wireless Mouse M200,2,2025-10-10,SHIPPED,1196.67,TRK801794
ORD00151,CUST1012,Customer 151,Graphics Tablet,1,2025-10-06,PROCESSING,194.26,TRK182423
ORD00152,CUST1137,Customer 152,External SSD 1TB,5,2026-01-10,CANCELLED,1312.74,TRK407327
ORD00153,CUST1091,Customer 153,USB-C Hub 7-Port,5,2025-11-05,CANCELLED,1003.75,TRK518232
ORD00154,CUST1045,Customer 154,Laptop Pro X1,3,2026-03-25,PENDING,144.56,TRK517325
ORD00155,CUST1133,Customer 155,Mechanical Keyboard K100,1,2025-10-31,PENDING,1008.87,TRK905341
ORD00156,CUST1000,Customer 156,Monitor 27inch 4K,4,2026-02-12,PROCESSING,1987.07,TRK623075
ORD00157,CUST1150,Customer 157,Monitor 27inch 4K,4,2026-01-12,CANCELLED,1804.77,TRK459756
ORD00158,CUST1090,Customer 158,Smart Speaker,4,2025-12-19,CANCELLED,1005.5,TRK930149
ORD00159,CUST1058,Customer 159,Laptop Pro X1,2,2026-02-03,PENDING,758.02,TRK585191
ORD00160,CUST1166,Customer 160,External SSD 1TB,3,2025-11-09,PENDING,1137.86,TRK229587
ORD00161,CUST1111,Customer 161,Smart Speaker,2,2025-10-24,DELIVERED,140.81,TRK122313
ORD00162,CUST1070,Customer 162,Smart Speaker,1,2026-02-15,DELIVERED,1611.17,TRK893293
ORD00163,CUST1195,Customer 163,External SSD 1TB,1,2025-10-07,PROCESSING,199.64,TRK642848
ORD00164,CUST1016,Customer 164,Wireless Mouse M200,3,2025-12-25,DELIVERED,1571.44,TRK361377
ORD00165,CUST1160,Customer 165,Noise Cancelling Headphones,4,2025-12-15,SHIPPED,621.23,TRK263856
ORD00166,CUST1010,Customer 166,Laptop Pro X1,3,2026-03-14,CANCELLED,1821.01,TRK725056
ORD00167,CUST1037,Customer 167,USB-C Hub 7-Port,4,2025-11-12,DELIVERED,318.47,TRK589499
ORD00168,CUST1194,Customer 168,Wireless Mouse M200,2,2026-02-12,CANCELLED,370.23,TRK112383
ORD00169,CUST1014,Customer 169,Monitor 27inch 4K,2,2025-11-27,CANCELLED,353.94,TRK750132
ORD00170,CUST1118,Customer 170,Graphics Tablet,5,2025-12-16,CANCELLED,959.0,TRK863359
ORD00171,CUST1142,Customer 171,Monitor 27inch 4K,1,2026-01-27,PROCESSING,580.69,TRK149010
ORD00172,CUST1018,Customer 172,Graphics Tablet,5,2026-02-10,DELIVERED,1922.68,TRK700599
ORD00173,CUST1038,Customer 173,Wireless Mouse M200,2,2025-10-24,DELIVERED,1342.48,TRK467713
ORD00174,CUST1003,Customer 174,Monitor 27inch 4K,2,2025-12-06,CANCELLED,616.01,TRK836350
ORD00175,CUST1089,Customer 175,Graphics Tablet,3,2026-02-02,CANCELLED,1607.23,TRK581176
ORD00176,CUST1163,Customer 176,Graphics Tablet,5,2025-11-21,PROCESSING,407.25,TRK139264
ORD00177,CUST1094,Customer 177,USB-C Hub 7-Port,5,2025-12-18,PENDING,1583.09,TRK492112
ORD00178,CUST1186,Customer 178,Laptop Pro X1,5,2025-11-09,DELIVERED,813.75,TRK917372
ORD00179,CUST1189,Customer 179,Wireless Mouse M200,4,2025-10-25,PROCESSING,915.19,TRK549440
ORD00180,CUST1172,Customer 180,Smart Speaker,1,2025-09-29,CANCELLED,1765.78,TRK274484
ORD00181,CUST1143,Customer 181,Noise Cancelling Headphones,4,2025-10-27,CANCELLED,421.7,TRK188393
ORD00182,CUST1013,Customer 182,Noise Cancelling Headphones,2,2026-02-27,PENDING,1120.79,TRK607088
ORD00183,CUST1030,Customer 183,USB-C Hub 7-Port,5,2026-02-22,PENDING,1891.17,TRK449770
ORD00184,CUST1122,Customer 184,Webcam HD Pro 1080p,1,2025-11-06,CANCELLED,944.01,TRK273510
ORD00185,CUST1095,Customer 185,Wireless Mouse M200,3,2026-01-08,DELIVERED,1549.96,TRK591173
ORD00186,CUST1078,Customer 186,Wireless Mouse M200,3,2026-02-20,DELIVERED,158.58,TRK625043
ORD00187,CUST1199,Customer 187,External SSD 1TB,4,2026-02-27,PENDING,1052.48,TRK323302
ORD00188,CUST1142,Customer 188,Wireless Mouse M200,1,2025-11-20,PROCESSING,995.1,TRK462453
ORD00189,CUST1076,Customer 189,Monitor 27inch 4K,4,2025-11-19,PENDING,893.87,TRK771242
ORD00190,CUST1127,Customer 190,External SSD 1TB,1,2025-10-10,PROCESSING,1752.84,TRK730356
ORD00191,CUST1180,Customer 191,Wireless Mouse M200,2,2025-11-11,PROCESSING,789.94,TRK703957
ORD00192,CUST1172,Customer 192,Laptop Pro X1,5,2025-12-22,PENDING,1398.81,TRK791922
ORD00193,CUST1098,Customer 193,Smart Speaker,2,2026-02-14,CANCELLED,184.53,TRK506876
ORD00194,CUST1144,Customer 194,Noise Cancelling Headphones,2,2026-01-20,PROCESSING,768.5,TRK948623
ORD00195,CUST1072,Customer 195,Laptop Pro X1,1,2026-03-03,PENDING,690.4,TRK621634
ORD00196,CUST1148,Customer 196,Mechanical Keyboard K100,5,2026-02-28,DELIVERED,216.92,TRK815317
ORD00197,CUST1136,Customer 197,Webcam HD Pro 1080p,5,2026-01-07,DELIVERED,1058.55,TRK488175
ORD00198,CUST1109,Customer 198,Graphics Tablet,1,2026-02-09,CANCELLED,1060.92,TRK563818
ORD00199,CUST1109,Customer 199,External SSD 1TB,2,2026-01-24,PENDING,1632.27,TRK151721
ORD00200,CUST1067,Customer 200,Webcam HD Pro 1080p,4,2025-11-01,PROCESSING,1729.19,TRK631102
ORD00201,CUST1166,Customer 201,Mechanical Keyboard K100,3,2026-01-03,PROCESSING,1288.61,TRK631163
ORD00202,CUST1071,Customer 202,Laptop Pro X1,3,2026-02-15,PENDING,74.99,TRK120505
ORD00203,CUST1028,Customer 203,Graphics Tablet,3,2025-10-20,PENDING,897.24,TRK594760
ORD00204,CUST1135,Customer 204,External SSD 1TB,3,2025-10-02,CANCELLED,202.3,TRK317668
ORD00205,CUST1154,Customer 205,External SSD 1TB,2,2026-02-23,SHIPPED,469.52,TRK971659
ORD00206,CUST1041,Customer 206,External SSD 1TB,4,2026-02-13,PROCESSING,1365.9,TRK823530
ORD00207,CUST1184,Customer 207,Noise Cancelling Headphones,5,2026-01-24,PENDING,1166.42,TRK456402
ORD00208,CUST1124,Customer 208,Graphics Tablet,3,2026-01-02,DELIVERED,1598.68,TRK228365
ORD00209,CUST1033,Customer 209,Wireless Mouse M200,4,2025-12-05,DELIVERED,1613.53,TRK571949
ORD00210,CUST1078,Customer 210,External SSD 1TB,5,2026-02-02,PROCESSING,66.11,TRK837067
ORD00211,CUST1011,Customer 211,Noise Cancelling Headphones,4,2025-11-23,SHIPPED,978.88,TRK612856
ORD00212,CUST1071,Customer 212,External SSD 1TB,3,2026-01-23,SHIPPED,808.1,TRK893757
ORD00213,CUST1098,Customer 213,Laptop Pro X1,2,2026-01-17,PROCESSING,1993.33,TRK464158
ORD00214,CUST1054,Customer 214,Noise Cancelling Headphones,2,2025-10-18,PROCESSING,1677.9,TRK269814
ORD00215,CUST1114,Customer 215,Laptop Pro X1,2,2026-02-07,SHIPPED,295.34,TRK492734
ORD00216,CUST1031,Customer 216,Monitor 27inch 4K,2,2026-01-13,PENDING,426.91,TRK354721
ORD00217,CUST1153,Customer 217,Noise Cancelling Headphones,2,2026-02-21,CANCELLED,1196.45,TRK131549
ORD00218,CUST1071,Customer 218,Noise Cancelling Headphones,3,2025-09-29,DELIVERED,781.34,TRK826213
ORD00219,CUST1114,Customer 219,Monitor 27inch 4K,3,2025-10-11,PENDING,687.98,TRK555962
ORD00220,CUST1091,Customer 220,Noise Cancelling Headphones,2,2025-11-24,SHIPPED,423.33,TRK692970
ORD00221,CUST1021,Customer 221,USB-C Hub 7-Port,4,2026-01-17,PENDING,774.32,TRK466824
ORD00222,CUST1028,Customer 222,Laptop Pro X1,3,2026-02-07,PROCESSING,522.35,TRK641764
ORD00223,CUST1065,Customer 223,USB-C Hub 7-Port,1,2026-01-05,SHIPPED,208.37,TRK967542
ORD00224,CUST1004,Customer 224,Laptop Pro X1,4,2025-12-27,SHIPPED,492.43,TRK251570
ORD00225,CUST1105,Customer 225,External SSD 1TB,3,2026-01-26,DELIVERED,520.31,TRK122423
ORD00226,CUST1093,Customer 226,USB-C Hub 7-Port,4,2026-01-25,DELIVERED,648.05,TRK223762
ORD00227,CUST1154,Customer 227,Monitor 27inch 4K,1,2025-12-27,CANCELLED,1347.21,TRK351999
ORD00228,CUST1072,Customer 228,Monitor 27inch 4K,4,2026-02-25,PROCESSING,1854.07,TRK133825
ORD00229,CUST1044,Customer 229,Wireless Mouse M200,5,2026-03-14,SHIPPED,1400.52,TRK901699
ORD00230,CUST1168,Customer 230,Webcam HD Pro 1080p,1,2025-12-01,PROCESSING,1167.56,TRK545996
ORD00231,CUST1065,Customer 231,Graphics Tablet,4,2025-12-11,SHIPPED,110.36,TRK286672
ORD00232,CUST1075,Customer 232,Laptop Pro X1,4,2026-01-03,PROCESSING,1474.03,TRK214819
ORD00233,CUST1175,Customer 233,Mechanical Keyboard K100,4,2026-03-20,DELIVERED,1412.52,TRK742433
ORD00234,CUST1017,Customer 234,USB-C Hub 7-Port,5,2025-11-15,CANCELLED,1076.99,TRK581499
ORD00235,CUST1027,Customer 235,Mechanical Keyboard K100,4,2026-03-18,PROCESSING,1611.13,TRK315537
ORD00236,CUST1194,Customer 236,Graphics Tablet,3,2026-01-15,SHIPPED,1594.68,TRK886656
ORD00237,CUST1004,Customer 237,Monitor 27inch 4K,4,2026-02-21,CANCELLED,1567.52,TRK529836
ORD00238,CUST1047,Customer 238,Wireless Mouse M200,1,2026-01-11,PENDING,1033.81,TRK171493
ORD00239,CUST1172,Customer 239,Laptop Pro X1,5,2025-12-20,PENDING,1857.86,TRK586629
ORD00240,CUST1115,Customer 240,Laptop Pro X1,4,2025-10-24,SHIPPED,994.39,TRK761425
ORD00241,CUST1098,Customer 241,Graphics Tablet,4,2026-03-06,PROCESSING,1882.97,TRK652549
ORD00242,CUST1105,Customer 242,Graphics Tablet,4,2025-12-20,DELIVERED,551.23,TRK633535
ORD00243,CUST1011,Customer 243,Wireless Mouse M200,4,2026-01-26,PENDING,1802.19,TRK666110
ORD00244,CUST1171,Customer 244,Laptop Pro X1,1,2026-01-08,CANCELLED,945.54,TRK924299
ORD00245,CUST1123,Customer 245,Laptop Pro X1,4,2025-11-29,CANCELLED,521.13,TRK259088
ORD00246,CUST1044,Customer 246,Noise Cancelling Headphones,1,2026-01-11,SHIPPED,146.67,TRK980543
ORD00247,CUST1094,Customer 247,Mechanical Keyboard K100,4,2026-01-21,DELIVERED,856.34,TRK318240
ORD00248,CUST1141,Customer 248,Mechanical Keyboard K100,4,2025-12-05,PROCESSING,1508.82,TRK987090
ORD00249,CUST1138,Customer 249,Monitor 27inch 4K,5,2026-02-13,CANCELLED,1482.91,TRK991946
ORD00250,CUST1045,Customer 250,Mechanical Keyboard K100,3,2025-10-31,SHIPPED,358.53,TRK887512
ORD00251,CUST1108,Customer 251,Smart Speaker,4,2025-12-15,CANCELLED,465.69,TRK329220
ORD00252,CUST1067,Customer 252,Graphics Tablet,3,2025-12-11,CANCELLED,1440.5,TRK122983
ORD00253,CUST1022,Customer 253,Webcam HD Pro 1080p,5,2026-02-18,SHIPPED,1018.37,TRK822645
ORD00254,CUST1054,Customer 254,Monitor 27inch 4K,4,2025-12-25,DELIVERED,137.93,TRK649758
ORD00255,CUST1160,Customer 255,Mechanical Keyboard K100,5,2026-01-09,PENDING,838.65,TRK926522
ORD00256,CUST1131,Customer 256,Monitor 27inch 4K,4,2026-03-03,PROCESSING,1438.83,TRK589323
ORD00257,CUST1094,Customer 257,Smart Speaker,1,2026-03-24,DELIVERED,1383.68,TRK545675
ORD00258,CUST1184,Customer 258,Noise Cancelling Headphones,2,2026-01-14,PENDING,1709.55,TRK271825
ORD00259,CUST1030,Customer 259,Webcam HD Pro 1080p,4,2026-02-21,SHIPPED,78.77,TRK745757
ORD00260,CUST1056,Customer 260,Webcam HD Pro 1080p,5,2025-11-14,PROCESSING,391.06,TRK495714
ORD00261,CUST1137,Customer 261,USB-C Hub 7-Port,4,2025-11-28,PROCESSING,222.26,TRK525785
ORD00262,CUST1168,Customer 262,Noise Cancelling Headphones,4,2025-11-27,PENDING,1158.01,TRK732528
ORD00263,CUST1092,Customer 263,Noise Cancelling Headphones,4,2025-11-18,PENDING,867.13,TRK264088
ORD00264,CUST1119,Customer 264,Noise Cancelling Headphones,4,2025-10-23,PENDING,1704.94,TRK759319
ORD00265,CUST1078,Customer 265,Graphics Tablet,2,2026-03-20,PENDING,753.51,TRK148894
ORD00266,CUST1091,Customer 266,Webcam HD Pro 1080p,5,2026-02-01,DELIVERED,1386.18,TRK177948
ORD00267,CUST1145,Customer 267,Graphics Tablet,1,2025-11-21,PENDING,288.4,TRK236096
ORD00268,CUST1125,Customer 268,USB-C Hub 7-Port,3,2026-03-20,PENDING,1336.9,TRK327481
ORD00269,CUST1091,Customer 269,Webcam HD Pro 1080p,2,2026-03-22,PENDING,1687.45,TRK762462
ORD00270,CUST1045,Customer 270,Mechanical Keyboard K100,3,2025-12-19,SHIPPED,1863.85,TRK212720
ORD00271,CUST1182,Customer 271,External SSD 1TB,4,2025-12-02,DELIVERED,220.15,TRK898965
ORD00272,CUST1073,Customer 272,Wireless Mouse M200,2,2026-01-23,PROCESSING,799.69,TRK123590
ORD00273,CUST1065,Customer 273,Wireless Mouse M200,3,2025-11-06,DELIVERED,749.22,TRK392255
ORD00274,CUST1102,Customer 274,Webcam HD Pro 1080p,5,2025-10-11,SHIPPED,947.41,TRK221588
ORD00275,CUST1097,Customer 275,Mechanical Keyboard K100,5,2026-01-06,DELIVERED,885.11,TRK948664
ORD00276,CUST1178,Customer 276,Noise Cancelling Headphones,5,2025-10-03,PROCESSING,1309.98,TRK760817
ORD00277,CUST1008,Customer 277,Monitor 27inch 4K,1,2026-03-20,DELIVERED,1874.36,TRK975898
ORD00278,CUST1014,Customer 278,Noise Cancelling Headphones,5,2026-01-08,CANCELLED,1413.28,TRK919732
ORD00279,CUST1155,Customer 279,Wireless Mouse M200,3,2025-12-23,PENDING,1881.35,TRK774452
ORD00280,CUST1177,Customer 280,Laptop Pro X1,4,2025-12-02,SHIPPED,457.14,TRK261806
ORD00281,CUST1010,Customer 281,Graphics Tablet,4,2025-11-09,DELIVERED,238.85,TRK791273
ORD00282,CUST1018,Customer 282,Smart Speaker,5,2026-03-05,DELIVERED,931.89,TRK340373
ORD00283,CUST1198,Customer 283,Webcam HD Pro 1080p,2,2026-03-14,DELIVERED,574.66,TRK951239
ORD00284,CUST1084,Customer 284,Graphics Tablet,2,2026-01-13,SHIPPED,742.74,TRK206442
ORD00285,CUST1107,Customer 285,Wireless Mouse M200,1,2026-03-19,DELIVERED,1934.98,TRK407060
ORD00286,CUST1058,Customer 286,Noise Cancelling Headphones,1,2025-12-20,PROCESSING,109.82,TRK282120
ORD00287,CUST1098,Customer 287,Noise Cancelling Headphones,2,2025-11-20,SHIPPED,300.61,TRK945265
ORD00288,CUST1019,Customer 288,Graphics Tablet,1,2025-10-09,PROCESSING,600.51,TRK547051
ORD00289,CUST1117,Customer 289,Webcam HD Pro 1080p,2,2026-03-01,PROCESSING,1733.78,TRK825324
ORD00290,CUST1152,Customer 290,Wireless Mouse M200,4,2026-01-23,PENDING,666.9,TRK922521
ORD00291,CUST1018,Customer 291,Wireless Mouse M200,1,2026-02-26,SHIPPED,1496.66,TRK649282
ORD00292,CUST1192,Customer 292,Webcam HD Pro 1080p,2,2025-12-01,CANCELLED,1904.03,TRK677317
ORD00293,CUST1081,Customer 293,Graphics Tablet,3,2025-10-05,SHIPPED,1953.88,TRK925522
ORD00294,CUST1076,Customer 294,Webcam HD Pro 1080p,4,2025-11-12,SHIPPED,1072.47,TRK407571
ORD00295,CUST1025,Customer 295,Monitor 27inch 4K,1,2025-10-09,DELIVERED,723.02,TRK545159
ORD00296,CUST1043,Customer 296,Smart Speaker,5,2025-11-20,PROCESSING,327.19,TRK553214
ORD00297,CUST1092,Customer 297,Noise Cancelling Headphones,3,2026-03-08,PROCESSING,319.92,TRK783367
ORD00298,CUST1177,Customer 298,USB-C Hub 7-Port,3,2026-03-05,PROCESSING,553.85,TRK924633
ORD00299,CUST1193,Customer 299,Wireless Mouse M200,2,2026-03-15,PROCESSING,1815.68,TRK215602
ORD00300,CUST1152,Customer 300,Graphics Tablet,4,2026-01-30,PENDING,1062.44,TRK564618
ORD00301,CUST1029,Customer 301,Mechanical Keyboard K100,5,2025-12-01,PROCESSING,810.6,TRK671138
ORD00302,CUST1018,Customer 302,Wireless Mouse M200,4,2026-03-16,DELIVERED,1446.71,TRK912149
ORD00303,CUST1183,Customer 303,Noise Cancelling Headphones,2,2026-02-20,DELIVERED,640.38,TRK507597
ORD00304,CUST1026,Customer 304,Webcam HD Pro 1080p,2,2025-11-18,PROCESSING,1666.57,TRK761720
ORD00305,CUST1101,Customer 305,Webcam HD Pro 1080p,5,2025-10-29,DELIVERED,792.05,TRK794568
ORD00306,CUST1159,Customer 306,Laptop Pro X1,2,2025-11-27,PROCESSING,599.01,TRK188618
ORD00307,CUST1074,Customer 307,USB-C Hub 7-Port,5,2025-11-03,SHIPPED,1170.88,TRK412567
ORD00308,CUST1158,Customer 308,Noise Cancelling Headphones,1,2026-02-11,SHIPPED,1373.77,TRK142650
ORD00309,CUST1136,Customer 309,Graphics Tablet,1,2025-10-19,CANCELLED,1045.01,TRK553361
ORD00310,CUST1159,Customer 310,Wireless Mouse M200,4,2025-12-07,SHIPPED,1055.19,TRK643383
ORD00311,CUST1075,Customer 311,USB-C Hub 7-Port,4,2025-12-15,SHIPPED,799.46,TRK114984
ORD00312,CUST1145,Customer 312,Mechanical Keyboard K100,1,2026-03-19,DELIVERED,750.83,TRK636661
ORD00313,CUST1042,Customer 313,Monitor 27inch 4K,1,2026-02-15,SHIPPED,175.93,TRK994298
ORD00314,CUST1049,Customer 314,USB-C Hub 7-Port,4,2025-10-07,CANCELLED,1727.72,TRK665897
ORD00315,CUST1014,Customer 315,Webcam HD Pro 1080p,2,2025-12-13,PENDING,682.78,TRK833308
ORD00316,CUST1096,Customer 316,External SSD 1TB,3,2025-12-26,PROCESSING,1963.45,TRK560702
ORD00317,CUST1098,Customer 317,Webcam HD Pro 1080p,1,2026-02-16,PROCESSING,1589.67,TRK794583
ORD00318,CUST1169,Customer 318,Noise Cancelling Headphones,4,2025-11-05,PENDING,1691.41,TRK811837
ORD00319,CUST1155,Customer 319,Monitor 27inch 4K,1,2026-01-04,CANCELLED,1208.04,TRK974822
ORD00320,CUST1134,Customer 320,Laptop Pro X1,2,2026-03-20,SHIPPED,1123.46,TRK404969
ORD00321,CUST1060,Customer 321,Noise Cancelling Headphones,3,2025-10-26,PENDING,261.48,TRK290171
ORD00322,CUST1129,Customer 322,Mechanical Keyboard K100,5,2026-01-05,SHIPPED,1085.66,TRK590644
ORD00323,CUST1195,Customer 323,Smart Speaker,1,2026-01-10,DELIVERED,298.62,TRK750987
ORD00324,CUST1146,Customer 324,Laptop Pro X1,4,2026-01-27,DELIVERED,1429.51,TRK322560
ORD00325,CUST1015,Customer 325,Graphics Tablet,3,2025-10-24,CANCELLED,662.27,TRK628365
ORD00326,CUST1040,Customer 326,Smart Speaker,2,2026-03-25,PROCESSING,664.82,TRK990736
ORD00327,CUST1147,Customer 327,Mechanical Keyboard K100,3,2026-03-23,PROCESSING,1189.78,TRK102782
ORD00328,CUST1196,Customer 328,Monitor 27inch 4K,2,2025-12-31,PROCESSING,179.57,TRK608883
ORD00329,CUST1166,Customer 329,Graphics Tablet,3,2026-01-28,PROCESSING,896.29,TRK495348
ORD00330,CUST1147,Customer 330,USB-C Hub 7-Port,4,2026-01-31,DELIVERED,1129.53,TRK220421
ORD00331,CUST1198,Customer 331,Noise Cancelling Headphones,2,2026-03-03,PROCESSING,566.82,TRK576164
ORD00332,CUST1193,Customer 332,Mechanical Keyboard K100,5,2026-02-15,DELIVERED,882.12,TRK974143
ORD00333,CUST1032,Customer 333,Webcam HD Pro 1080p,5,2025-11-29,CANCELLED,1765.88,TRK520297
ORD00334,CUST1018,Customer 334,Webcam HD Pro 1080p,3,2026-01-13,DELIVERED,1459.01,TRK266179
ORD00335,CUST1199,Customer 335,External SSD 1TB,5,2026-01-10,PENDING,643.05,TRK118203
ORD00336,CUST1048,Customer 336,Laptop Pro X1,4,2025-11-22,SHIPPED,1246.55,TRK164402
ORD00337,CUST1072,Customer 337,Smart Speaker,3,2026-03-04,CANCELLED,1101.74,TRK919691
ORD00338,CUST1035,Customer 338,Wireless Mouse M200,3,2026-01-02,PENDING,1289.45,TRK979448
ORD00339,CUST1079,Customer 339,External SSD 1TB,1,2025-11-14,PENDING,1829.03,TRK268118
ORD00340,CUST1026,Customer 340,USB-C Hub 7-Port,3,2026-01-19,DELIVERED,773.55,TRK588983
ORD00341,CUST1189,Customer 341,Noise Cancelling Headphones,2,2025-10-08,DELIVERED,129.42,TRK235161
ORD00342,CUST1071,Customer 342,Noise Cancelling Headphones,3,2025-12-11,SHIPPED,1519.35,TRK884550
ORD00343,CUST1053,Customer 343,Wireless Mouse M200,1,2025-11-29,DELIVERED,161.7,TRK328089
ORD00344,CUST1028,Customer 344,Graphics Tablet,3,2025-10-31,CANCELLED,1191.8,TRK466647
ORD00345,CUST1102,Customer 345,Laptop Pro X1,2,2025-10-23,CANCELLED,1121.95,TRK551619
ORD00346,CUST1088,Customer 346,Mechanical Keyboard K100,2,2025-10-08,PROCESSING,579.63,TRK221764
ORD00347,CUST1004,Customer 347,Noise Cancelling Headphones,2,2025-10-12,PENDING,1492.55,TRK782110
ORD00348,CUST1105,Customer 348,Wireless Mouse M200,3,2025-12-12,SHIPPED,1191.1,TRK422974
ORD00349,CUST1192,Customer 349,Monitor 27inch 4K,5,2026-01-17,PROCESSING,1192.22,TRK995795
ORD00350,CUST1069,Customer 350,Smart Speaker,3,2025-12-30,PENDING,1449.95,TRK308994
ORD00351,CUST1159,Customer 351,Laptop Pro X1,1,2026-02-02,DELIVERED,1004.62,TRK316187
ORD00352,CUST1004,Customer 352,Laptop Pro X1,2,2025-11-29,CANCELLED,526.98,TRK581447
ORD00353,CUST1098,Customer 353,External SSD 1TB,2,2026-03-20,CANCELLED,1316.09,TRK421984
ORD00354,CUST1133,Customer 354,Monitor 27inch 4K,5,2026-01-10,DELIVERED,1841.95,TRK629925
ORD00355,CUST1033,Customer 355,Webcam HD Pro 1080p,1,2026-01-19,CANCELLED,1372.66,TRK890952
ORD00356,CUST1052,Customer 356,External SSD 1TB,5,2026-02-16,PROCESSING,157.65,TRK923792
ORD00357,CUST1184,Customer 357,External SSD 1TB,3,2025-10-28,CANCELLED,1728.24,TRK281534
ORD00358,CUST1065,Customer 358,Webcam HD Pro 1080p,2,2025-11-14,DELIVERED,378.68,TRK225775
ORD00359,CUST1042,Customer 359,Smart Speaker,2,2025-11-16,DELIVERED,893.23,TRK748765
ORD00360,CUST1072,Customer 360,External SSD 1TB,5,2025-12-17,PROCESSING,677.44,TRK389550
ORD00361,CUST1083,Customer 361,Monitor 27inch 4K,3,2026-03-17,CANCELLED,1303.9,TRK386036
ORD00362,CUST1142,Customer 362,Mechanical Keyboard K100,5,2026-01-08,PROCESSING,1922.82,TRK513973
ORD00363,CUST1032,Customer 363,External SSD 1TB,5,2026-03-10,DELIVERED,1972.84,TRK301195
ORD00364,CUST1112,Customer 364,Webcam HD Pro 1080p,4,2026-01-10,SHIPPED,1560.78,TRK340044
ORD00365,CUST1004,Customer 365,Graphics Tablet,1,2025-10-30,SHIPPED,1129.55,TRK720689
ORD00366,CUST1119,Customer 366,Noise Cancelling Headphones,5,2026-03-07,PROCESSING,67.66,TRK997339
ORD00367,CUST1024,Customer 367,External SSD 1TB,4,2026-01-03,PROCESSING,1152.49,TRK745590
ORD00368,CUST1020,Customer 368,Monitor 27inch 4K,3,2025-10-28,PENDING,155.42,TRK129397
ORD00369,CUST1131,Customer 369,External SSD 1TB,4,2025-12-18,PENDING,1923.54,TRK729684
ORD00370,CUST1130,Customer 370,Wireless Mouse M200,3,2026-02-18,SHIPPED,461.99,TRK851779
ORD00371,CUST1018,Customer 371,USB-C Hub 7-Port,5,2025-12-26,SHIPPED,1612.37,TRK234035
ORD00372,CUST1044,Customer 372,Noise Cancelling Headphones,5,2025-11-03,CANCELLED,572.87,TRK668964
ORD00373,CUST1016,Customer 373,External SSD 1TB,4,2025-11-23,DELIVERED,725.07,TRK992769
ORD00374,CUST1094,Customer 374,USB-C Hub 7-Port,1,2026-02-11,PROCESSING,1238.97,TRK739555
ORD00375,CUST1088,Customer 375,Monitor 27inch 4K,2,2026-03-14,SHIPPED,315.05,TRK225139
ORD00376,CUST1186,Customer 376,USB-C Hub 7-Port,2,2026-02-10,PENDING,1830.5,TRK314177
ORD00377,CUST1005,Customer 377,External SSD 1TB,1,2026-01-31,PROCESSING,1660.33,TRK673349
ORD00378,CUST1091,Customer 378,Wireless Mouse M200,5,2026-01-09,PROCESSING,1492.28,TRK542088
ORD00379,CUST1146,Customer 379,Monitor 27inch 4K,5,2026-02-09,DELIVERED,508.24,TRK475602
ORD00380,CUST1085,Customer 380,Monitor 27inch 4K,5,2026-02-09,PENDING,1583.11,TRK251485
ORD00381,CUST1055,Customer 381,Mechanical Keyboard K100,4,2025-10-17,CANCELLED,105.49,TRK531685
ORD00382,CUST1072,Customer 382,Graphics Tablet,4,2026-03-12,PENDING,1814.36,TRK152048
ORD00383,CUST1026,Customer 383,Webcam HD Pro 1080p,5,2025-10-30,SHIPPED,1240.92,TRK488677
ORD00384,CUST1098,Customer 384,External SSD 1TB,1,2025-10-15,CANCELLED,437.6,TRK521497
ORD00385,CUST1077,Customer 385,USB-C Hub 7-Port,2,2025-10-16,DELIVERED,1845.43,TRK234796
ORD00386,CUST1069,Customer 386,Laptop Pro X1,4,2026-03-10,PROCESSING,1512.12,TRK859107
ORD00387,CUST1180,Customer 387,USB-C Hub 7-Port,1,2025-12-17,CANCELLED,754.11,TRK990292
ORD00388,CUST1014,Customer 388,Smart Speaker,3,2026-03-11,PENDING,1369.09,TRK139063
ORD00389,CUST1070,Customer 389,Monitor 27inch 4K,1,2025-11-04,CANCELLED,911.83,TRK172738
ORD00390,CUST1147,Customer 390,Wireless Mouse M200,3,2025-10-11,DELIVERED,1935.76,TRK563188
ORD00391,CUST1063,Customer 391,Webcam HD Pro 1080p,5,2026-01-07,SHIPPED,183.66,TRK185665
ORD00392,CUST1185,Customer 392,Noise Cancelling Headphones,1,2025-10-31,PENDING,1077.0,TRK466713
ORD00393,CUST1050,Customer 393,Webcam HD Pro 1080p,5,2026-02-05,CANCELLED,883.95,TRK163531
ORD00394,CUST1188,Customer 394,USB-C Hub 7-Port,3,2025-10-05,SHIPPED,151.28,TRK556149
ORD00395,CUST1008,Customer 395,Webcam HD Pro 1080p,3,2025-11-26,SHIPPED,908.12,TRK961129
ORD00396,CUST1198,Customer 396,Laptop Pro X1,1,2025-10-28,PROCESSING,1654.68,TRK190200
ORD00397,CUST1182,Customer 397,Mechanical Keyboard K100,3,2026-01-25,PENDING,596.28,TRK738484
ORD00398,CUST1160,Customer 398,Wireless Mouse M200,2,2026-03-22,DELIVERED,1517.32,TRK758094
ORD00399,CUST1024,Customer 399,Graphics Tablet,2,2025-12-15,PROCESSING,199.49,TRK386437
ORD00400,CUST1064,Customer 400,Webcam HD Pro 1080p,5,2026-03-12,DELIVERED,1642.79,TRK165049
ORD00401,CUST1019,Customer 401,External SSD 1TB,3,2025-11-02,CANCELLED,1155.1,TRK481770
ORD00402,CUST1145,Customer 402,Monitor 27inch 4K,3,2026-03-24,CANCELLED,1445.85,TRK850726
ORD00403,CUST1117,Customer 403,Webcam HD Pro 1080p,4,2026-03-07,CANCELLED,126.58,TRK489422
ORD00404,CUST1115,Customer 404,External SSD 1TB,5,2026-03-22,PENDING,521.29,TRK716075
ORD00405,CUST1067,Customer 405,Noise Cancelling Headphones,5,2025-11-14,PENDING,1496.73,TRK648283
ORD00406,CUST1048,Customer 406,Webcam HD Pro 1080p,5,2026-03-10,PENDING,1293.14,TRK460458
ORD00407,CUST1187,Customer 407,Smart Speaker,5,2025-10-13,CANCELLED,1169.94,TRK584009
ORD00408,CUST1075,Customer 408,Laptop Pro X1,3,2026-02-24,SHIPPED,1065.33,TRK194506
ORD00409,CUST1033,Customer 409,Monitor 27inch 4K,2,2025-10-06,SHIPPED,949.7,TRK305180
ORD00410,CUST1110,Customer 410,External SSD 1TB,5,2025-10-17,DELIVERED,764.71,TRK510373
ORD00411,CUST1127,Customer 411,Graphics Tablet,4,2026-02-07,CANCELLED,1741.87,TRK462189
ORD00412,CUST1194,Customer 412,Noise Cancelling Headphones,4,2025-12-16,DELIVERED,1119.85,TRK545363
ORD00413,CUST1044,Customer 413,External SSD 1TB,2,2025-10-15,DELIVERED,978.08,TRK152820
ORD00414,CUST1095,Customer 414,Graphics Tablet,2,2025-10-21,PROCESSING,1507.03,TRK965465
ORD00415,CUST1043,Customer 415,Wireless Mouse M200,1,2026-03-21,CANCELLED,1677.23,TRK934017
ORD00416,CUST1083,Customer 416,Mechanical Keyboard K100,3,2025-10-21,PENDING,1811.72,TRK511940
ORD00417,CUST1193,Customer 417,USB-C Hub 7-Port,3,2026-01-01,SHIPPED,1386.36,TRK473333
ORD00418,CUST1038,Customer 418,Noise Cancelling Headphones,4,2025-11-24,PROCESSING,1012.05,TRK546477
ORD00419,CUST1171,Customer 419,Mechanical Keyboard K100,3,2025-10-07,DELIVERED,1037.27,TRK189683
ORD00420,CUST1082,Customer 420,Wireless Mouse M200,2,2026-02-27,SHIPPED,1838.22,TRK447689
ORD00421,CUST1195,Customer 421,Smart Speaker,2,2025-12-14,PROCESSING,1960.45,TRK726984
ORD00422,CUST1008,Customer 422,USB-C Hub 7-Port,1,2026-03-20,SHIPPED,477.08,TRK506861
ORD00423,CUST1003,Customer 423,Mechanical Keyboard K100,5,2026-01-06,PENDING,1097.69,TRK929960
ORD00424,CUST1108,Customer 424,Graphics Tablet,2,2026-03-21,PROCESSING,1445.65,TRK717206
ORD00425,CUST1120,Customer 425,Smart Speaker,1,2026-01-22,DELIVERED,162.38,TRK480853
ORD00426,CUST1142,Customer 426,Graphics Tablet,2,2026-02-02,PROCESSING,70.61,TRK634332
ORD00427,CUST1170,Customer 427,Graphics Tablet,2,2025-11-12,SHIPPED,1177.35,TRK902882
ORD00428,CUST1037,Customer 428,Laptop Pro X1,2,2026-01-27,CANCELLED,454.99,TRK489049
ORD00429,CUST1113,Customer 429,Smart Speaker,1,2026-02-08,SHIPPED,1827.76,TRK179921
ORD00430,CUST1102,Customer 430,External SSD 1TB,5,2026-02-23,PENDING,1845.48,TRK440312
ORD00431,CUST1018,Customer 431,External SSD 1TB,2,2025-11-16,SHIPPED,1746.16,TRK743971
ORD00432,CUST1142,Customer 432,Webcam HD Pro 1080p,5,2026-03-06,PROCESSING,1814.46,TRK524433
ORD00433,CUST1042,Customer 433,USB-C Hub 7-Port,5,2026-01-30,PROCESSING,1375.57,TRK647291
ORD00434,CUST1009,Customer 434,Webcam HD Pro 1080p,1,2026-01-05,SHIPPED,1265.52,TRK424048
ORD00435,CUST1073,Customer 435,Noise Cancelling Headphones,5,2025-12-28,PROCESSING,374.88,TRK940009
ORD00436,CUST1129,Customer 436,Monitor 27inch 4K,4,2026-03-04,PROCESSING,535.02,TRK943494
ORD00437,CUST1140,Customer 437,Wireless Mouse M200,4,2025-12-05,DELIVERED,1330.85,TRK357821
ORD00438,CUST1116,Customer 438,Webcam HD Pro 1080p,4,2025-11-04,DELIVERED,1015.05,TRK500849
ORD00439,CUST1064,Customer 439,Noise Cancelling Headphones,1,2025-12-07,SHIPPED,879.68,TRK372270
ORD00440,CUST1016,Customer 440,Smart Speaker,5,2025-10-04,CANCELLED,1508.72,TRK973868
ORD00441,CUST1161,Customer 441,Monitor 27inch 4K,5,2025-12-30,PROCESSING,1741.93,TRK281121
ORD00442,CUST1056,Customer 442,Monitor 27inch 4K,4,2026-03-12,PROCESSING,1320.36,TRK586335
ORD00443,CUST1081,Customer 443,Graphics Tablet,4,2026-02-24,CANCELLED,1866.04,TRK703612
ORD00444,CUST1028,Customer 444,USB-C Hub 7-Port,4,2026-03-14,PENDING,748.72,TRK153697
ORD00445,CUST1190,Customer 445,Noise Cancelling Headphones,1,2026-01-16,CANCELLED,1089.22,TRK464860
ORD00446,CUST1071,Customer 446,Mechanical Keyboard K100,1,2026-02-06,PROCESSING,417.41,TRK860401
ORD00447,CUST1042,Customer 447,Wireless Mouse M200,1,2026-03-27,CANCELLED,950.11,TRK306976
ORD00448,CUST1191,Customer 448,USB-C Hub 7-Port,2,2025-12-25,DELIVERED,587.66,TRK898566
ORD00449,CUST1153,Customer 449,Laptop Pro X1,3,2025-10-19,CANCELLED,1580.46,TRK565527
ORD00450,CUST1155,Customer 450,Laptop Pro X1,5,2025-11-28,PROCESSING,1984.97,TRK990483
ORD00451,CUST1094,Customer 451,Graphics Tablet,5,2025-10-16,PROCESSING,1156.38,TRK977233
ORD00452,CUST1029,Customer 452,Graphics Tablet,1,2026-01-04,CANCELLED,1042.97,TRK306845
ORD00453,CUST1119,Customer 453,Wireless Mouse M200,3,2025-10-13,PENDING,843.17,TRK212187
ORD00454,CUST1140,Customer 454,Laptop Pro X1,1,2025-12-29,PROCESSING,748.74,TRK951392
ORD00455,CUST1058,Customer 455,USB-C Hub 7-Port,5,2025-12-17,PROCESSING,1636.1,TRK117424
ORD00456,CUST1086,Customer 456,Mechanical Keyboard K100,2,2025-12-26,SHIPPED,1399.83,TRK150652
ORD00457,CUST1116,Customer 457,Wireless Mouse M200,5,2026-03-26,DELIVERED,1986.57,TRK848304
ORD00458,CUST1048,Customer 458,Wireless Mouse M200,2,2025-10-20,SHIPPED,768.53,TRK982293
ORD00459,CUST1054,Customer 459,External SSD 1TB,3,2026-03-18,DELIVERED,1163.21,TRK513536
ORD00460,CUST1077,Customer 460,Monitor 27inch 4K,1,2026-02-27,SHIPPED,767.25,TRK637455
ORD00461,CUST1196,Customer 461,Webcam HD Pro 1080p,4,2025-12-24,PROCESSING,1588.42,TRK982122
ORD00462,CUST1067,Customer 462,Laptop Pro X1,3,2026-01-29,SHIPPED,1944.45,TRK876772
ORD00463,CUST1104,Customer 463,Laptop Pro X1,3,2025-11-06,SHIPPED,419.11,TRK585007
ORD00464,CUST1015,Customer 464,Laptop Pro X1,2,2025-12-02,PENDING,228.61,TRK152873
ORD00465,CUST1123,Customer 465,Wireless Mouse M200,3,2025-11-15,DELIVERED,903.55,TRK292808
ORD00466,CUST1137,Customer 466,Webcam HD Pro 1080p,3,2025-10-10,SHIPPED,1104.45,TRK703601
ORD00467,CUST1137,Customer 467,Webcam HD Pro 1080p,1,2025-12-19,SHIPPED,57.74,TRK750210
ORD00468,CUST1032,Customer 468,USB-C Hub 7-Port,5,2025-12-07,PENDING,531.28,TRK120741
ORD00469,CUST1064,Customer 469,External SSD 1TB,5,2026-01-03,PENDING,285.97,TRK549003
ORD00470,CUST1199,Customer 470,Noise Cancelling Headphones,2,2025-10-24,CANCELLED,1811.02,TRK455577
ORD00471,CUST1079,Customer 471,External SSD 1TB,5,2025-12-06,CANCELLED,442.25,TRK809909
ORD00472,CUST1187,Customer 472,External SSD 1TB,4,2025-11-13,PROCESSING,1561.3,TRK125328
ORD00473,CUST1025,Customer 473,Laptop Pro X1,3,2026-01-12,PENDING,105.54,TRK499707
ORD00474,CUST1043,Customer 474,Wireless Mouse M200,4,2025-11-17,DELIVERED,52.14,TRK507223
ORD00475,CUST1190,Customer 475,Graphics Tablet,2,2026-02-19,SHIPPED,491.01,TRK801592
ORD00476,CUST1107,Customer 476,Laptop Pro X1,3,2025-11-01,PROCESSING,147.67,TRK415954
ORD00477,CUST1171,Customer 477,External SSD 1TB,3,2026-03-02,DELIVERED,336.5,TRK835735
ORD00478,CUST1018,Customer 478,Mechanical Keyboard K100,1,2026-03-16,CANCELLED,396.46,TRK263119
ORD00479,CUST1038,Customer 479,Graphics Tablet,5,2025-11-05,PENDING,69.69,TRK222068
ORD00480,CUST1022,Customer 480,External SSD 1TB,5,2026-02-14,DELIVERED,854.55,TRK471491
ORD00481,CUST1157,Customer 481,USB-C Hub 7-Port,1,2026-03-02,CANCELLED,209.34,TRK217782
ORD00482,CUST1027,Customer 482,Mechanical Keyboard K100,1,2025-10-09,SHIPPED,987.83,TRK685798
ORD00483,CUST1136,Customer 483,Wireless Mouse M200,2,2026-02-06,PROCESSING,1061.85,TRK597759
ORD00484,CUST1184,Customer 484,Laptop Pro X1,2,2025-11-27,DELIVERED,1947.57,TRK578406
ORD00485,CUST1164,Customer 485,Graphics Tablet,4,2026-02-12,DELIVERED,442.93,TRK426616
ORD00486,CUST1000,Customer 486,Graphics Tablet,5,2025-10-04,PROCESSING,713.75,TRK773089
ORD00487,CUST1122,Customer 487,Webcam HD Pro 1080p,5,2026-02-27,CANCELLED,556.74,TRK407785
ORD00488,CUST1014,Customer 488,Monitor 27inch 4K,5,2026-01-22,CANCELLED,593.51,TRK342284
ORD00489,CUST1001,Customer 489,Laptop Pro X1,1,2025-11-09,DELIVERED,1340.68,TRK876824
ORD00490,CUST1081,Customer 490,Noise Cancelling Headphones,3,2026-03-18,PENDING,1020.24,TRK127364
ORD00491,CUST1002,Customer 491,External SSD 1TB,3,2025-11-20,PENDING,472.83,TRK775382
ORD00492,CUST1061,Customer 492,Monitor 27inch 4K,1,2025-12-14,SHIPPED,916.79,TRK558634
ORD00493,CUST1125,Customer 493,Smart Speaker,5,2026-01-19,CANCELLED,405.87,TRK211175
ORD00494,CUST1031,Customer 494,USB-C Hub 7-Port,4,2026-03-18,SHIPPED,1333.2,TRK342516
ORD00495,CUST1150,Customer 495,Mechanical Keyboard K100,1,2025-10-17,SHIPPED,1334.33,TRK188445
ORD00496,CUST1048,Customer 496,Graphics Tablet,5,2025-12-23,CANCELLED,80.65,TRK390068
ORD00497,CUST1131,Customer 497,Wireless Mouse M200,3,2026-01-26,PROCESSING,1227.73,TRK270398
ORD00498,CUST1098,Customer 498,Graphics Tablet,1,2025-10-25,PENDING,718.51,TRK395565
ORD00499,CUST1057,Customer 499,Laptop Pro X1,2,2026-01-05,SHIPPED,727.99,TRK584347
ORD00500,CUST1194,Customer 500,Monitor 27inch 4K,5,2025-12-08,DELIVERED,1806.46,TRK670008
